{
  "project_info": {
    "project_number": "906872313806",
    "project_id": "android2-8a496",
    "storage_bucket": "android2-8a496.appspot.com"
  },
  "client": [
    {
      "client_info": {
        "mobilesdk_app_id": "1:906872313806:android:751514ab0be3abff1afd9f",
        "android_client_info": {
          "package_name": "com.example.myapplication2"
        }
      },
      "oauth_client": [],
      "api_key": [
        {
          "current_key": "AIzaSyCvDK3MJl43eFU7_Vgkiju1H4UIqlsp2EI"
        }
      ],
      "services": {
        "appinvite_service": {
          "other_platform_oauth_client": []
        }
      }
    }
  ],
  "configuration_version": "1"
}